{
    "path_count": 127,
    "parsed_path_count": 127,
    "static_analysis_path_count": 2,
    "static_analysis_parsed_path_count": 2,
    "is_partial_parse_enabled": true,
    "is_static_analysis_enabled": true,
    "read_files_elapsed": 0.01275950763374567,
    "load_macros_elapsed": 0.4309760141186416,
    "parse_project_elapsed": 0.007242222782224417,
    "patch_sources_elapsed": 9.657349437475204e-06,
    "process_manifest_elapsed": 0.015219893772155046,
    "load_all_elapsed": 0.4846654077991843,
    "projects": [
        {
            "project_name": "dbt_scooters",
            "elapsed": 0.005554972682148218,
            "parsers": [
                {
                    "parser": "model",
                    "elapsed": 0.0047263880260288715,
                    "parsed_path_count": 2
                }
            ],
            "parsed_path_count": 2
        },
        {
            "project_name": "dbt_postgres",
            "elapsed": 0.0007971101440489292,
            "parsers": [],
            "parsed_path_count": 0
        },
        {
            "project_name": "dbt",
            "elapsed": 0.0008387304842472076,
            "parsers": [
                {
                    "parser": "doc",
                    "elapsed": 0.00018089916557073593,
                    "parsed_path_count": 1
                }
            ],
            "parsed_path_count": 1
        }
    ]
}